stop_id,name,stop_type,lon,lat,lines
NORTH_SPRINGS,North Springs,rail,-84.3527,33.9412,{RED}
SANDY_SPRINGS,Sandy Springs,rail,-84.3494,33.9256,{RED}
DUNWOODY,Dunwoody,rail,-84.3453,33.9210,{RED}
MEDICAL_CENTER,Medical Center,rail,-84.3592,33.9105,{RED}
BUCKHEAD,Buckhead,rail,-84.3676,33.8484,{RED}
LINDBERGH,Lindbergh Center,rail,-84.3679,33.8210,{RED,GOLD}
LENOX,Lenox,rail,-84.3623,33.8467,{GOLD}
BROOKHAVEN,Brookhaven/Oglethorpe,rail,-84.3382,33.8657,{GOLD}
CHAMBLEE,Chamblee,rail,-84.3119,33.8873,{GOLD}
DORAVILLE,Doraville,rail,-84.2802,33.9021,{GOLD}
ARTS_CENTER,Arts Center,rail,-84.3868,33.7897,{RED,GOLD}
MIDTOWN,Midtown,rail,-84.3866,33.7815,{RED,GOLD}
NORTH_AVE,North Avenue,rail,-84.3866,33.7712,{RED,GOLD}
CIVIC_CENTER,Civic Center,rail,-84.3866,33.7638,{RED,GOLD}
PEACHTREE_CENTER,Peachtree Center,rail,-84.3877,33.7592,{RED,GOLD}
FIVE_PTS,Five Points,rail,-84.3908,33.7538,{RED,GOLD,BLUE,GREEN}
GARNETT,Garnett,rail,-84.3961,33.7488,{RED,GOLD}
WEST_END,West End,rail,-84.4088,33.7361,{RED,GOLD}
OAKLAND_CITY,Oakland City,rail,-84.4147,33.7195,{RED,GOLD}
LAKEWOOD,Lakewood/Ft. McPherson,rail,-84.4237,33.6994,{RED,GOLD}
EAST_POINT,East Point,rail,-84.4395,33.6779,{RED,GOLD}
COLLEGE_PARK,College Park,rail,-84.4491,33.6531,{RED,GOLD}
AIRPORT,Airport,rail,-84.4460,33.6407,{RED,GOLD}
HAMILTON_E_HOLMES,Hamilton E. Holmes,rail,-84.4759,33.7548,{BLUE}
WEST_LAKE,West Lake,rail,-84.4557,33.7548,{BLUE}
ASHBY,Ashby,rail,-84.4234,33.7548,{BLUE,GREEN}
VINE_CITY,Vine City,rail,-84.4082,33.7568,{BLUE,GREEN}
GWCC,Dome/GWCC/Philips Arena/CNN Center,rail,-84.3963,33.7593,{BLUE,GREEN}
BANKHEAD,Bankhead,rail,-84.4308,33.7716,{GREEN}
GEORGIA_ST,Georgia State,rail,-84.3857,33.7521,{BLUE,GREEN}
KING,King Memorial,rail,-84.3765,33.7488,{BLUE,GREEN}
INMAN_PARK,Inman Park/Reynoldstown,rail,-84.3521,33.7570,{BLUE,GREEN}
EDGEWOOD,Edgewood/Candler Park,rail,-84.3423,33.7614,{BLUE,GREEN}
EAST_LAKE,East Lake,rail,-84.3067,33.7657,{BLUE}
DECATUR,Decatur,rail,-84.2963,33.7748,{BLUE}
AVONDALE,Avondale,rail,-84.2789,33.7752,{BLUE}
KENSINGTON,Kensington,rail,-84.2589,33.7669,{BLUE}
INDIAN_CREEK,Indian Creek,rail,-84.2377,33.7659,{BLUE}
STREETCAR_CENTENNIAL,Centennial Olympic Park,streetcar,-84.3933,33.7602,{STREETCAR}
STREETCAR_WOODRUFF,Woodruff Park,streetcar,-84.3880,33.7554,{STREETCAR}
STREETCAR_SWEET_AUBURN,Sweet Auburn Market,streetcar,-84.3805,33.7551,{STREETCAR}
STREETCAR_KING_HISTORIC,King Historic District,streetcar,-84.3739,33.7549,{STREETCAR}
